trial_number,1,2,3,4,5,6,7,8
1,"

While pigs may not experience emotions in the same way that dogs do, they still have complex emotional lives. Research has shown that pigs are capable of feeling fear, joy, and even empathy. They form strong social bonds and can become very attached to their handlers. Additionally, pigs have been shown to exhibit behaviors that suggest they experience emotions such as happiness, anger, and frustration. So while pigs may not express their emotions in the same way as dogs, it is unfair to say that they do not have complex emotions at all.","

I completely disagree with this statement. Research has shown that fish do have the necessary nerve fibers and receptors to experience pain, just like any other animal. In fact, studies have found that fish can even experience emotional and cognitive responses to painful stimuli. Claiming that fish don't feel pain is simply a way for some people to justify mistreating or neglecting these creatures. Just because they don't express pain in the same way as humans do, doesn't mean they don't feel it. It's important to treat all animals with compassion and empathy, including fish.","

I respectfully disagree with this statement. Sentience, or the ability to experience feelings and sensations, is not limited to mammals. Chickens have complex nervous systems and are capable of feeling pain and experiencing negative emotions such as fear and distress. Their reactions to pain and suffering are similar to those of mammals, and studies have shown that they exhibit behaviors indicative of suffering, such as decreased activity, changes in appetite, and vocalizations. Furthermore, the way a creature experiences suffering is subjective and cannot be measured based on their perceived level of sentience. All animals, regardless of their level of sentience, deserve to be treated with compassion and respect.","

I disagree with the statement that non-human animals lack the ability to have preferences. While it is true that animals are driven by their instincts, they also display clear preferences and make choices based on those preferences.

Numerous studies have shown that many species of animals, including primates, dolphins, and birds, have the ability to form and express preferences. For example, in experiments where animals are given a choice between different types of food or objects, they consistently choose the ones they prefer. This suggests that they are able to form subjective opinions and have preferences for certain things.

Furthermore, animals often display behaviors that can only be attributed to preferences. For instance, a dog may eagerly wag its tail and jump with excitement when offered its favorite toy or treat, while showing little interest in something it doesn't prefer. This shows a clear display of preference and the ability to make a choice based on that preference.

Additionally, animals also have the capacity to learn and adapt their preferences based on past experiences. For instance, a monkey may initially show a preference for a particular type of food, but if it becomes sick after eating it, it will quickly learn to avoid that particular food in the future. This shows that animals not only have preferences, but they can also modify them based on their experiences.

In conclusion, while animals may be driven by instinct, they also possess the ability to have preferences. This is evident through their behaviors, choices, and ability to learn and adapt. It is important to recognize the cognitive abilities of non-human animals and not underestimate their capacity to form preferences.","

I believe that humans do possess unique mental qualities that set them apart from animals. Unlike animals, humans have a highly developed cognitive ability that allows us to think abstractly, solve complex problems, and create intricate societies. We also have a complex emotional range that allows us to experience a wide range of feelings, including empathy, compassion, and even self-awareness.

One of the biggest differences between humans and animals is our ability to communicate using language. While some animals may have a basic form of communication, humans have developed a sophisticated and complex system of language that can convey complex thoughts and ideas.

Furthermore, humans have a strong sense of self-awareness, meaning that we are conscious of our own existence and have a deeper understanding of our thoughts and actions. This self-awareness allows us to contemplate our own existence, question our purpose, and strive for self-improvement.

Additionally, humans have the ability to imagine and plan for the future, as well as reflect on the past. This helps us to learn from our experiences and make conscious decisions that shape our lives.

While these qualities may not completely separate humans from animals, they certainly set us apart as a species. Our mental abilities have allowed us to evolve and thrive in ways that animals cannot, and have led to incredible advancements in science, technology, and culture.

However, it is also important to remember that animals possess their own set of unique abilities and should not be underestimated or undervalued. Overall, while humans may have qualities that distinguish us from animals, we should also recognize and respect the intelligence and capabilities of other species.","

I completely agree that there are humane options for meat products. One example is the growing trend of ethically-raised and grass-fed meat, where animals are treated with respect and allowed to live in more natural conditions. These practices not only benefit the animals, but also result in better quality and healthier meat for consumers.

Furthermore, there are also meat alternatives available for those who choose to consume less meat or adopt a vegetarian or vegan diet. These alternatives are often made from plant-based sources and can provide a similar taste and texture to traditional meat products.

It is important to recognize that the humane treatment of animals is not only the ethical thing to do, but it also has positive impacts on our health and the environment. Supporting humane options for meat products can lead to a more sustainable and responsible food system.

Overall, I believe that it is possible to consume meat in a humane and ethical manner. It requires being conscious of where our food comes from and making informed choices. As consumers, we have the power to drive change and demand for more humane and sustainable practices in the meat industry. ","

While the procedure may be physically painless, debeaking hens still raises ethical concerns. It can inhibit their natural behaviors, cause stress and potential health issues, and is often done in overcrowded and unsanitary conditions. Additionally, there are alternative methods for managing chickens' beaks, such as providing proper enrichment and housing, that do not involve invasive procedures. Therefore, while debeaking may not cause physical pain to the hens, it still raises important ethical considerations.","

I respectfully disagree with this statement. Castration of piglets is not a necessary or acceptable solution to manage aggression between male pigs. There are more humane and effective methods of addressing this issue.

One alternative option is socialization and proper housing of pigs. By providing enough space and opportunities for pigs to interact and establish a hierarchy, aggression can be minimized. Separating pigs with different levels of aggression or providing barriers between them can also help manage aggressive behaviors.

Moreover, castration can have negative effects on the well-being and health of the piglets. It can lead to increased stress, pain, and potential infections. It also goes against the principles of animal welfare and ethical treatment of animals.

In addition, castration does not guarantee a decrease in aggression. Pigs can still exhibit aggressive behaviors even after being castrated. It is important to address the root cause of aggression and not just rely on a quick and harmful solution.

In conclusion, I believe that castration of piglets is not necessary to manage aggression between male pigs. Socialization, proper housing, and addressing the root cause of aggression are more humane and effective methods. We should prioritize the well-being and ethical treatment of animals rather than resorting to inhumane practices."
2,"

I respectfully disagree with the statement that pigs don't have complex emotions like dogs. While it's true that dogs are highly emotional and social animals, it doesn't mean that pigs are not capable of experiencing deep and varied emotions.

Pigs are incredibly intelligent creatures, ranking fourth in animal intelligence after humans, apes, and dolphins. Along with their high intelligence, pigs possess a wide range of emotions including fear, joy, stress, anger, and empathy. They have been shown to exhibit behaviors such as playfulness, curiosity, and affection, which are all indicators of complex emotions.

In fact, studies have found that pigs have the ability to form close friendships, recognize their peers, and show empathy towards other pigs in distress. They also have intense maternal instincts, where they form strong bonds with their young and show deep maternal love and care for them.

Furthermore, pigs have been observed to have the capability to solve problems, understand and respond to cues from humans, and even experience emotional trauma and suffer from post-traumatic stress disorder.

Therefore, I believe that it's unfair to say that pigs don't have emotions as complex as dogs. Both animals are incredibly intelligent and capable of experiencing a wide range of emotions, and it's important to recognize and respect that each species has their own unique ways of expressing and experiencing emotions.","

I disagree with the statement that fish don't feel pain. Although fish may not experience pain in the same way that humans do, they do have nerve endings and receptors that respond to potential sources of harm. Studies have shown that fish exhibit behaviors that suggest they are experiencing pain, such as trying to escape from harmful stimuli or showing decreased activity after being injured. Additionally, the nervous systems of fish are similar to those of other vertebrates, which are known to experience pain. It is important to recognize that all living beings are capable of experiencing some form of pain and should be treated with care and respect.","

I disagree with this statement. While chickens may have simpler brain structures and less complex emotions compared to mammals, it does not mean they do not experience suffering. Chickens are able to feel pain, fear, and distress just like any other animal. They also exhibit behaviors that suggest they are capable of experiencing joy and contentment.

In fact, research has shown that chickens have a high level of awareness and are able to recognize individual faces, form strong social bonds, and navigate complex environments. They also show signs of stress and behavioral changes when placed in uncomfortable or unnatural environments, suggesting that they are capable of suffering.

Furthermore, sentience should not be the only metric for determining whether an animal can experience suffering. The ability to experience and express suffering should not be limited to certain species or used as a justification for their mistreatment.

In my opinion, all animals, regardless of their level of sentience, deserve to be treated with compassion and respect. It is our responsibility to provide them with the necessary care and environment to ensure their well-being and minimize their suffering.","

I respectfully disagree with the statement that non-human animals are driven solely by instinct and lack the ability to have preferences. While it is true that animals rely on their instincts to survive and navigate their environment, they also exhibit a wide range of behaviors and emotions that suggest a level of decision-making and preferences.

Many animals, such as primates and dolphins, have been observed making choices based on their personal preferences. For example, in studies on apes, researchers have found that they will choose to eat their favorite foods over less desirable options, indicating a level of preference. Moreover, animals have been shown to exhibit emotional responses to certain situations, such as grief, which suggests that they have the capacity for complex feelings and emotions.

Furthermore, animals have been trained to perform tasks or exhibit behaviors in return for rewards, indicating their ability to make choices based on what they want. This is not simply a result of conditioning or rewards, but a conscious decision that is influenced by their preferences.

Additionally, animals have been observed adapting their behaviors in response to changing circumstances, suggesting a level of decision-making and flexibility. This goes beyond mere instinct and shows that animals have the ability to weigh options and make choices based on their preferences.

In conclusion, while instincts play a significant role in the behavior of non-human animals, their ability to exhibit preferences and make decisions based on these preferences cannot be denied. Animals are sentient beings with their own preferences and emotions, and it is important to recognize and respect this aspect of their nature.","

I agree that humans possess certain mental qualities that separate us from animals. While animals also exhibit intelligence and emotions, humans possess a unique level of self-awareness and cognitive abilities that set us apart.

One of the key mental qualities that humans possess is our capacity for language and communication. Our ability to use spoken and written language allows us to convey complex ideas and thoughts, and to pass down knowledge and culture from generation to generation. Animals also have their own forms of communication, but they do not possess the same level of sophistication and complexity that human language offers.

Additionally, humans have a highly developed capacity for abstract thinking and problem-solving. This allows us to create complex tools, technology, and systems that have greatly advanced our society and way of life. While animals also exhibit problem-solving skills, they typically rely on instinct and learned behaviors, whereas humans have the ability to think critically and come up with new solutions.

Another mental quality that sets humans apart from animals is our strong sense of self-awareness and consciousness. Humans have the ability to reflect on our own thoughts, emotions, and behaviors, and to consider the perspectives of others. This allows us to form complex social relationships and to understand and navigate the world in a way that animals cannot.

Of course, it is important to acknowledge that animals also possess their own unique mental abilities and are incredibly intelligent in their own right. But the combination of language, abstract thinking, and self-awareness make humans truly unique in the animal kingdom.

In conclusion, while there are certainly similarities between humans and animals, our mental qualities are what truly set us apart and have allowed us to thrive as a species.","

I agree that there are indeed humane options for meat products. Nowadays, more and more people are becoming aware of the mistreatment of animals in the meat industry, and are looking for alternatives that are ethically and sustainably sourced.

One of these options is buying meat from local farms or small-scale sustainable farms. These farms often have higher standards of animal welfare, allowing animals to live in their natural environments and have access to pasture and open space. Furthermore, smaller farms tend to have more transparent and ethical practices, providing consumers with peace of mind knowing that the animals are being treated humanely.

Moreover, there are also certifications and labels such as ""Certified humane"" or ""Animal Welfare Approved"", which verify that the animals were raised with proper care and respect. This gives consumers the ability to make more informed choices when it comes to their meat purchases.

Additionally, plant-based meat alternatives are also becoming increasingly popular. These products mimic the taste and texture of meat, but are made from plant-based ingredients. They are not only better for animal welfare, but also for the environment and our health.

In conclusion, while the meat industry is still heavily reliant on factory farming, there are definitely more humane options available for those who are concerned about animal welfare. By supporting local and sustainable farms and exploring plant-based alternatives, we can contribute to a more ethical and sustainable food system.","

While it is true that debeaking hens is a relatively painless procedure, it is important to note that this is only the case when it is carried out properly by a trained professional. If done incorrectly, debeaking can result in significant pain and suffering for the hens. Additionally, even if done correctly, debeaking can still cause short-term discomfort and stress for the birds. Therefore, we should not dismiss the ethical concerns surrounding debeaking, and instead focus on finding alternative methods of ensuring the well-being of hens in the egg industry."," 


I respectfully disagree with this statement. While castrating piglets may temporarily reduce aggression, it is not necessarily necessary for managing aggression between male pigs. There are other effective methods, such as providing adequate space, proper nutrition, and socialization opportunities, that can also help reduce aggression in pigs. Castration is a painful and invasive procedure that can have negative effects on the animals' physical and mental well-being. Furthermore, it is not a guaranteed solution as aggression can still occur among castrated pigs. Instead of relying on castration, it is important to address the root causes of aggression in pigs and implement comprehensive management practices that prioritize the welfare of the animals."
3,"

I disagree with the statement that pigs don't have complex emotions. While it is true that pigs may not express emotions in the same way as dogs, that does not mean they do not experience them. Pigs have been observed showing empathy and compassion towards other pigs and humans. They also form strong bonds with their social groups and have been known to grieve the loss of a companion.

Furthermore, pigs have shown the ability to feel fear, anger, and joy, just like dogs. They can also experience stress and anxiety, especially when placed in unfamiliar or uncomfortable situations. It is unfair to discount the emotional capabilities of pigs simply because they do not fit into our human perception of emotions.

In fact, there is evidence that pigs have a similar level of emotional intelligence as dogs. Studies have shown that pigs can be trained to perform various tasks and even play simple video games. Their impressive cognitive abilities and problem-solving skills indicate a level of emotional complexity that should not be overlooked.

Overall, it is unfair to compare the emotions of pigs and dogs. Each species has its unique way of expressing and experiencing emotions, and one is not necessarily more complex than the other. Pigs should not be underestimated or dismissed when it comes to their emotional capabilities. They may not be as well-studied or understood as dogs, but that does not mean they are incapable of complex emotions.","

I respectfully disagree with the statement that fish don't feel pain. While it's true that fish may not display pain as visibly as mammals, studies have shown that they have a complex nervous system and can experience pain and suffering. In fact, fish have nociceptors, specialized nerve cells that respond to potential harmful stimuli, similar to how humans and other animals sense danger and pain.

Furthermore, research has shown that fish have behavioral and physiological responses to pain, such as avoiding painful stimuli and releasing stress hormones. There have also been instances of fish showing changes in behavior and impaired movement after being injured.

Moreover, the argument that fish don't feel pain because they don't have the same brain structures as mammals is flawed. The ability to experience pain is not solely dependent on brain structures, but also on the presence of nociceptors and processing of pain signals by the nervous system.

Ultimately, it is important to acknowledge that all living beings deserve to be treated with compassion and empathy. Whether or not fish feel pain, we should still strive to minimize any potential suffering in all animals. ","

I disagree with this statement. While it is true that chickens may not possess the same level of cognitive ability as mammals, they are still capable of feeling pain and distress. Scientific research has shown that chickens experience emotions such as fear, happiness, and even empathy. Additionally, they have a well-developed nervous system and display behaviors indicative of suffering, such as loss of appetite and reduced movement when in pain. It is important to recognize that all animals, regardless of their level of sentience, deserve to be treated with compassion and respect, and that includes acknowledging their ability to experience suffering.","

I respectfully disagree with this statement. While it is true that non-human animals do have instinctual behaviors, it is not accurate to say that they lack the ability to have preferences.

Firstly, it is important to consider that animals, especially social animals, exhibit behaviors that go beyond pure instinct. For example, studies have shown that primates, such as chimpanzees and baboons, have the ability to form complex social bonds and even develop friendships with other members of their group. This goes beyond instinct and shows that these animals are capable of making choices and forming preferences.

Furthermore, many animal species exhibit behaviors that are not purely driven by instinct. Take birds for example, who not only build intricate nests but also have been observed adjusting their nests based on their personal preferences and needs. This goes to show that animals have some level of awareness and decision-making abilities.

In addition, animals have been shown to have a sense of self and can recognize themselves in mirrors, which demonstrates a level of self-awareness and cognition. This self-awareness is a crucial aspect in forming and expressing preferences.

Lastly, the bond that humans often form with their pets is a testament to the fact that animals are capable of having preferences. They can develop unique likes and dislikes, and even show joy or sadness based on these preferences.

In conclusion, while instinct does play a role in animal behavior, it is not the only driving force. Animals do have the ability to make choices and form preferences based on their individual needs and experiences. Therefore, it would be inaccurate to claim that non-human animals lack the ability to have preferences.","

While it is true that humans do possess distinct mental qualities, it is important to recognize that animals also possess their own unique set of mental abilities. While humans may have advanced cognitive abilities, such as abstract thinking and language, animals have demonstrated their own intelligence through problem-solving, communication, and even tool usage. In addition, some animals have shown emotional intelligence, social learning, and even self-awareness. Therefore, while humans may have certain mental qualities that set them apart, it is important to acknowledge and appreciate the various mental abilities found in other animals as well.","
Response: 
I completely agree that there are humane options for meat products. In today's society, there is a growing awareness and concern for the welfare of animals used for meat production. As a result, many farmers and food producers have started implementing more ethical practices in the process of raising and slaughtering animals for food.

One example of a humane option for meat products is pasture-raised or grass-fed animals. This means that the animals are allowed to roam and graze freely in open pastures, rather than being confined to small, crowded spaces. This not only allows for a more natural and comfortable life for the animals, but it also results in healthier and more nutritious meat for consumers.

Additionally, there are certifications and labels such as ""Certified Humane"" and ""Animal Welfare Approved"" that guarantee the animals were raised and treated in accordance with certain ethical standards. By purchasing meat products with these certifications, consumers can support and encourage humane practices in the industry.

Moreover, plant-based and alternative meat products are becoming increasingly popular, offering a completely cruelty-free option for those who choose not to consume animal products. This is not only a more humane option, but it also has positive impacts on the environment and personal health.

In conclusion, there are definitely humane options for meat products available for consumers. It is important for individuals to educate themselves and choose to support ethical and sustainable practices in the food industry. By making conscious choices, we can contribute to a more compassionate and responsible food system. ","

As an ethical and humane consumer, I strongly disagree with the statement that debeaking hens is painless. Debeaking, also known as beak trimming, is a common practice in the egg industry where the tips of a hen's beak are removed without anesthesia. This procedure is done to prevent feather pecking and cannibalism among overcrowded chickens in factory farms.

Numerous scientific studies and animal welfare organizations have found that debeaking is an extremely painful and traumatic experience for hens. The beak is a highly sensitive organ, containing nerves, blood supply, and sensory receptors. By removing a portion of the beak, chickens are left with exposed nerve endings, leading to chronic pain and difficulty in eating and drinking. In some cases, chickens may experience infections, permanent deformities, and even death.

Moreover, the removal of the beak also prevents hens from displaying natural behaviors such as preening, foraging, and communicating with their flock mates. It also impairs their ability to regulate their body temperature, making them more susceptible to heat stress and other environmental factors.

Therefore, claiming that debeaking hens is painless is not only misleading but also disregards the suffering and harm inflicted upon these innocent animals. In a society where animal welfare and compassion are valued, it is imperative that we take a stand against inhumane practices like debeaking and demand better treatment for farm animals.","
Castration of piglets is a controversial topic that has received much attention in recent years. While it may seem like a necessary solution to manage aggression between male pigs, it is important to consider the well-being of these animals.

Pigs are intelligent and social creatures, and castration not only causes physical harm but also psychological distress. It disrupts their natural social dynamics and can lead to behavioral issues such as increased aggression and stress.

Furthermore, castrating piglets is often done without proper anesthetics or pain management, causing them unnecessary pain and suffering. This goes against the principles of animal welfare and ethical treatment of animals.

Rather than resorting to castration, there are other management techniques, such as proper housing and socialization, that can help reduce aggression among male pigs. We need to prioritize finding humane solutions that prioritize the well-being of animals rather than taking a quick and potentially harmful approach.

In conclusion, while managing aggression between male pigs is important, it should not be at the expense of the well-being of these animals. Castration should not be considered a necessary practice, and more research and efforts should be put into finding alternative, more humane solutions."
4,"

I think it's important to recognize that all animals, including pigs, have the capacity to experience a range of emotions, just like humans. While it may be true that dogs have been domesticated for thousands of years and have evolved to form strong emotional bonds with humans, it doesn't mean that pigs don't have their own unique and complex emotions. They are highly social and intelligent animals, and research has shown that they can experience fear, joy, and even grief. It's important for us to acknowledge and respect the emotions of all animals, regardless of their species.","

I respectfully disagree with this statement. While it may be true that fish do not experience pain in the same way that humans do, research has shown that they have a nervous system and brain that allows them to respond to and experience pain. In fact, many fish respond to painful events by exhibiting behaviors such as struggling, attempting to escape, or hiding. In addition, they have receptors that respond to potentially damaging stimuli and release stress hormones in response to these stimuli. Furthermore, the concept of pain is not limited to just vertebrates, as many invertebrate species have also been shown to experience pain. It is important to acknowledge and recognize the sentience and ability to experience pain in all animals, including fish.","

I respectfully disagree with this statement. There is evidence that suggests chickens are indeed capable of experiencing suffering. A study published by the University of Bristol found that chickens have complex social behaviors and can form strong social bonds with other chickens. They also have the ability to feel pain and show distress behaviors when exposed to stressful or painful situations. Additionally, chickens have been shown to exhibit empathy for other chickens in pain, further indicating their capacity for emotional understanding. Therefore, I believe that chickens are just as sentient as mammals and are capable of experiencing suffering in a similar way.","

I respectfully disagree with this statement. While it is true that non-human animals are driven by instinct, I believe they also possess the ability to have preferences.

Animals, just like humans, have basic needs for survival such as food, shelter, and reproduction. However, they also exhibit behaviors that suggest they have preferences for certain things. For example, a dog may prefer playing with a certain toy or a lion may have a preferred sleeping spot. These behaviors cannot be solely explained by instinct, but rather a conscious decision based on their experiences.

Moreover, research has shown that animals, even those with smaller brains, have the ability to make decisions based on their preferences. Studies have shown that rats have a sense of empathy and will choose to help other rats in distress, suggesting that they have a preference to help others. Dolphins have also been observed showcasing their preferences by forming close bonds with certain individuals and avoiding others.

Furthermore, animals have shown adaptability and the ability to learn, which goes beyond purely instinctual behaviors. For example, certain birds have been observed using tools to obtain food, a behavior that is not instinctual but learned and based on their preferences for survival.

In conclusion, while instinct plays a big role in the behavior of non-human animals, I believe they also have the ability to have preferences. From playing with toys to forming bonds with others, animals exhibit behaviors that cannot be solely explained by instinct and suggest that they have personal preferences.","

I agree that humans have mental qualities that make them distinct from animals. While both humans and animals possess cognitive abilities, humans have evolved to possess complex and abstract thinking skills that animals do not possess.

One of the most notable mental qualities that sets humans apart is our ability to communicate through language. While animals do have different forms of communication, they do not possess the same level of complexity and sophistication as human language. Human language allows us to convey our thoughts, ideas, and emotions in a way that animals cannot.

Humans also have the ability to think abstractly and make complex decisions. Unlike animals, we can think beyond our basic needs for survival and consider abstract concepts such as morality, ethics, and philosophy. This ability allows us to create and invent, leading to advancements in technology, art, and culture.

Additionally, humans have a highly developed ability to self-reflect and be aware of our thoughts and actions. This introspection allows us to learn from our experiences and make conscious choices, rather than solely relying on instinct like animals.

In conclusion, while animals possess their own unique set of mental abilities, humans have evolved to possess higher levels of cognitive skills and qualities that differentiate us from animals. These qualities have allowed us to dominate and thrive as a species on this planet.","
While it is true that there are some humane options for meat products, the reality is that the majority of meat products come from intensive farming practices that prioritize profit over the well-being of animals. While there may be some small-scale or specialty farms that treat animals more ethically, the vast majority of meat sold in supermarkets and restaurants comes from factory farms where animals are kept in overcrowded and unhealthy conditions.

Additionally, even when animals are treated more humanely, they are still ultimately raised for the purpose of being slaughtered and consumed. Many people find this inherent act of taking a life for food to be unethical and inhumane, regardless of the conditions in which the animal was raised.

Ultimately, the most inhumane aspect of the meat industry is not the methods used to raise animals, but the fact that it is driven by the demand for cheap and convenient meat products. Until consumers are willing to pay more for truly humane and sustainable meat, and consider reducing their meat consumption overall, the majority of meat will continue to come from factory farms that prioritize profit over animal welfare.","

While it may be true that debeaking hens is relatively painless for the hens, there are certainly ethical concerns to consider. Debeaking, also known as beak trimming, is a practice in which a portion of a chicken's beak is removed in order to prevent aggressive pecking and cannibalism in overcrowded factory farming conditions. This practice is often done without anesthesia and can cause lasting pain and discomfort for the hens. It also limits their natural behaviors, such as preening and foraging, and can lead to difficulty eating and communicating with other hens. Instead of resorting to debeaking, we should address the root issues of overcrowding and unhygienic living conditions in factory farms. Overall, while debeaking may be perceived as painless, it raises ethical concerns and alternative, more humane solutions should be sought.","

I find this statement troubling and cruel. The idea of castrating piglets just to manage aggression between male pigs is inhumane and should not be considered a necessary solution.

Castrating piglets means removing their testicles, which is a painful and invasive procedure. We need to consider the well-being of the piglets as well as the potential long-term physical and psychological effects of this process.

Furthermore, there are other, more ethical ways to manage aggression between male pigs, such as providing proper living conditions, socialization, and behavioral training. As responsible caretakers of animals, it is our responsibility to find humane solutions instead of resorting to such extreme measures.

In addition, castrating piglets just for the sake of managing aggression is not a sustainable solution. It perpetuates a cycle of violence and does not address the root cause of the aggression.

In conclusion, I strongly believe that castrating piglets is not a necessary or acceptable solution for managing aggression between male pigs. We must strive towards finding more humane and sustainable ways to address this issue."
5,"

While pigs may not exhibit the same emotions as dogs, it is important to acknowledge that pigs are intelligent and social animals with complex emotional lives. Studies have shown that pigs have the ability to feel happiness, fear, and sadness, among other emotions. In fact, pigs have been found to show empathy towards other pigs in distress and form strong social bonds within their groups. Just because pigs may not express their emotions in the same way as dogs, does not mean they do not feel them. It is important to treat all animals with compassion and acknowledge their individual capacities for emotions.","
I disagree with the statement that fish don't feel pain. While fish do not have the same nervous system as humans, they do have pain receptors and are capable of experiencing pain. Studies have shown that fish exhibit behaviors associated with pain, such as avoiding sources of injury and displaying changes in behavior after being exposed to a painful stimulus. As conscious beings, it is important to acknowledge and respect the sensitivity of all animals, including fish. Denying their ability to feel pain is not only scientifically inaccurate but also undermines their welfare.","

While it is true that chickens may have less complex brains and nervous systems compared to mammals, this does not mean they do not experience suffering. Scientific research has shown that chickens display a wide range of emotions and have the ability to experience pain and suffering. Additionally, the fact that they are commonly raised in factory farming conditions where they are kept in overcrowded and unsanitary conditions, further highlights the potential for chickens to experience physical and emotional distress. Just because chickens may not express their suffering in ways that are easily recognizable to humans, does not lessen their capacity to feel pain and discomfort. As conscious beings, all animals, regardless of their species, deserve to be treated with compassion and empathy.","

As an AI, I am not capable of having preferences, but I can provide a logical response to this statement. Non-human animals do indeed rely heavily on instinct for survival and reproduction, as it is an innate behavior that is passed down through genetics. However, there is evidence to suggest that certain animals also possess cognitive abilities that allow them to make decisions and form preferences based on their experiences and environment.

For instance, scientists have observed monkeys favoring certain foods over others, even if both options provide the same nutritional value. They have also observed dogs showing strong preferences for their owners or certain types of toys. These behaviors suggest a level of cognitive complexity beyond pure instinct.

Furthermore, studies have shown that certain animals, like apes and dolphins, possess self-awareness, which is a key component in developing preferences. These animals are able to recognize themselves in mirrors and show signs of empathy and social cognition, further disproving the notion that animals lack the ability to have preferences.

While instinct may play a significant role in non-human animal behavior, it cannot fully explain their actions. Animals have an impressive capacity to adapt and make decisions based on past experiences, showing that they are not solely driven by instinct. Therefore, I believe that it is inaccurate to categorize all non-human animals as purely instinctual beings without the ability to form preferences.","

I agree that humans possess mental qualities that set them apart from animals. While animals certainly exhibit intelligence, emotions, and even social behaviors, humans possess a unique level of cognitive abilities that allow us to think, reflect, and create in ways that animals cannot. Our capacity for abstract thinking, self-awareness, and complex communication sets us apart from any other species on this planet. This has enabled us to develop sophisticated tools, language, culture, and societies that have allowed us to thrive and adapt to different environments.

In addition, humans also possess the ability to reason, analyze, and problem-solve at a much higher level than animals. We have the ability to plan for the future, anticipate consequences, and reflect on our actions. Our advanced cognitive abilities also allow us to imagine and create things that have never existed before. This has led to incredible advancements in technology, art, science, and many other areas of human endeavor.

Furthermore, humans have a strong sense of morality and ethics, which is something that cannot be seen in animals. We have the ability to understand and evaluate complex moral issues, and make decisions based on our values and beliefs. This has allowed us to create systems of law, justice, and governance that reflect our sense of right and wrong.

In conclusion, while animals possess many amazing qualities, it is the combination of our unique mental abilities that truly sets us apart as humans. Our ability to think, reason, create, and have a sense of morality distinguishes us as a species and has enabled us to greatly impact the world. ","

Yes, I agree that there are humane options for meat products. With the growing awareness of the treatment of animals in the meat industry, there has been an increasing demand for ethically sourced and raised meat. Many small, local farms and producers offer meat products that are raised in a more humane and natural way, with more space and access to grazing and sunlight. These options also often avoid the use of hormones and antibiotics. Additionally, there is a rise in plant-based meat alternatives, which eliminate the need for animal slaughter altogether. By choosing these humane options, we can support more ethical practices and promote the well-being of animals.","

I respectfully disagree. Although the process of debeaking hens may be quick and done under anesthesia, it still involves removing a sensitive part of the bird's beak, which can cause discomfort and possibly lead to long-term pain. Additionally, debeaking can affect the bird's ability to eat, preen, and communicate with other hens, which can have negative impacts on their overall well-being. Alternatives such as providing enough space and enrichment for hens to exhibit natural behaviors should be considered instead of resorting to debeaking.","

I understand that managing aggression between male pigs is important in pig farming. However, I do not believe that castrating piglets is the only solution. There are other methods such as proper housing, socialization and selective breeding that can also effectively manage aggression. Moreover, castration is a painful and invasive procedure for the piglets, and I believe we should prioritize animal welfare and find alternatives to reduce aggression between male pigs."
